ref_date,active,births,deaths,unique_institutions,net_change,dataset
2007-09-01,38056,0,246,30,-246,postos
2007-10-01,38102,310,229,29,81,postos
2007-11-01,38346,479,230,29,249,postos
2007-12-01,38356,240,828,30,-588,postos
2008-01-01,38168,733,213,31,520,postos
2008-02-01,38105,182,144,31,38,postos
2008-03-01,38273,319,200,31,119,postos
2008-04-01,38353,280,187,31,93,postos
2008-05-01,38987,818,133,30,685,postos
2008-06-01,39514,666,221,31,445,postos
2008-07-01,39546,274,228,31,46,postos
2008-08-01,39737,416,378,31,38,postos
2008-09-01,40145,810,370,31,440,postos
2008-10-01,40672,905,440,31,465,postos
2008-11-01,40779,559,146,30,413,postos
2008-12-01,41167,519,594,30,-75,postos
2009-01-01,41642,1091,306,31,785,postos
2009-02-01,41966,622,228,31,394,postos
2009-03-01,42006,256,361,31,-105,postos
2009-04-01,42062,356,119,29,237,postos
2009-05-01,42444,363,2928,29,-2565,postos
2009-06-01,42559,3040,278,27,2762,postos
2009-07-01,42647,371,569,27,-198,postos
2009-08-01,42663,600,199,27,401,postos
2009-09-01,42727,264,295,30,-31,postos
2009-10-01,42900,488,150,30,338,postos
2009-11-01,42901,162,164,30,-2,postos
2009-12-01,42746,290,1514,30,-1224,postos
2010-01-01,42765,1583,311,30,1272,postos
2010-02-01,42868,1073,1044,29,29,postos
2010-03-01,42994,1195,670,29,525,postos
2010-04-01,44513,944,1087,32,-143,postos
2010-05-01,43511,408,690,60,-282,postos
2010-06-01,43480,834,131,28,703,postos
2010-07-01,43899,394,152,62,242,postos
2010-08-01,44108,363,279,62,84,postos
2010-09-01,44295,454,286,62,168,postos
2010-10-01,44595,579,200,62,379,postos
2010-11-01,44816,445,777,63,-332,postos
2010-12-01,44347,262,319,62,-57,postos
2011-01-01,44459,427,424,67,3,postos
2011-02-01,44664,616,483,67,133,postos
2011-03-01,45139,945,165,67,780,postos
2011-04-01,45206,264,815,69,-551,postos
2011-05-01,45278,912,225,72,687,postos
2011-06-01,45406,358,257,76,101,postos
2011-07-01,45477,415,759,83,-344,postos
2011-08-01,45405,859,1449,87,-590,postos
2011-09-01,45463,1460,244,97,1216,postos
2011-10-01,45775,550,244,103,306,postos
2011-11-01,46093,576,537,107,39,postos
2011-12-01,46414,888,525,114,363,postos
2012-01-01,46752,866,408,115,458,postos
2012-02-01,46675,297,559,117,-262,postos
2012-03-01,46723,568,305,117,263,postos
2012-04-01,46793,374,202,117,172,postos
2012-05-01,46899,263,256,126,7,postos
2012-06-01,47123,527,394,125,133,postos
2012-07-01,47477,622,495,128,127,postos
2012-08-01,47473,407,373,129,34,postos
2012-09-01,47553,321,450,130,-129,postos
2012-10-01,47828,551,373,131,178,postos
2012-11-01,48112,513,285,134,228,postos
2012-12-01,48222,340,532,132,-192,postos
2013-01-01,48438,707,300,132,407,postos
2013-02-01,48671,545,423,132,122,postos
2013-03-01,49756,1536,334,135,1202,postos
2013-04-01,49936,607,413,138,194,postos
2013-05-01,50165,641,418,139,223,postos
2013-06-01,50293,534,475,141,59,postos
2013-07-01,50015,205,326,142,-121,postos
2013-08-01,49972,284,469,142,-185,postos
2013-09-01,49966,475,1048,143,-573,postos
2013-10-01,49689,860,800,143,60,postos
2013-11-01,49590,912,674,149,238,postos
2013-12-01,49414,244,454,152,-210,postos
2014-01-01,49083,148,315,153,-167,postos
2014-02-01,48941,170,400,155,-230,postos
2014-03-01,48669,135,462,155,-327,postos
2014-04-01,48324,121,4212,158,-4091,postos
2014-05-01,48875,4752,2632,158,2120,postos
2014-06-01,52069,5915,2402,157,3513,postos
2014-07-01,51895,2253,494,154,1759,postos
2014-08-01,51558,185,477,153,-292,postos
2014-09-01,51274,205,323,152,-118,postos
2014-10-01,51132,185,263,154,-78,postos
2014-11-01,51071,225,306,155,-81,postos
2014-12-01,50945,188,234,157,-46,postos
2015-01-01,50859,152,217,157,-65,postos
2015-02-01,50757,122,449,157,-327,postos
2015-03-01,50402,105,198,157,-93,postos
2015-04-01,50304,103,694,159,-591,postos
2015-05-01,49824,225,1219,161,-994,postos
2015-06-01,49391,826,2673,160,-1847,postos
2015-07-01,47056,503,496,159,7,postos
2015-08-01,46735,178,581,159,-403,postos
2015-09-01,46554,385,581,160,-196,postos
2015-10-01,46193,223,530,162,-307,postos
2015-11-01,46093,444,826,165,-382,postos
2015-12-01,45457,207,478,166,-271,postos
2016-01-01,45194,223,373,167,-150,postos
2016-02-01,44968,151,667,169,-516,postos
2016-03-01,44574,277,486,170,-209,postos
2016-04-01,44341,263,508,172,-245,postos
2016-05-01,44078,251,446,174,-195,postos
2016-06-01,43852,251,31297,173,-31046,postos
2016-07-01,15219,4719,96,722,4623,postos
2016-08-01,15212,114,175,722,-61,postos
2016-09-01,15235,193,547,723,-354,postos
2016-10-01,14955,276,179,718,97,postos
2016-11-01,15316,557,186,715,371,postos
2016-12-01,15327,221,126,711,95,postos
2017-01-01,15677,444,89,713,355,postos
2017-02-01,15719,202,183,714,19,postos
2017-03-01,16011,464,93,709,371,postos
2017-04-01,15985,83,163,705,-80,postos
2017-05-01,15927,108,154,706,-46,postos
2017-06-01,15877,108,137,704,-29,postos
2017-07-01,15908,166,178,704,-12,postos
2017-08-01,15856,123,155,700,-32,postos
2017-09-01,15860,150,73,699,77,postos
2017-10-01,15887,102,126,700,-24,postos
2017-11-01,16070,310,203,696,107,postos
2017-12-01,16041,173,61,698,112,postos
2018-01-01,16118,135,44,698,91,postos
2018-02-01,16126,52,78,701,-26,postos
2018-03-01,16149,100,83,700,17,postos
2018-04-01,16181,113,187,704,-74,postos
2018-05-01,16140,145,2146,703,-2001,postos
2018-06-01,16084,2094,173,705,1921,postos
2018-07-01,16135,232,124,706,108,postos
2018-08-01,16179,169,116,704,53,postos
2018-09-01,16253,196,150,700,46,postos
2018-10-01,16253,153,165,699,-12,postos
2018-11-01,16223,136,66,700,70,postos
2018-12-01,16304,149,49,701,100,postos
2019-01-01,16322,74,141,701,-67,postos
2019-02-01,16403,163,63,697,100,postos
2019-03-01,16441,103,101,698,2,postos
2019-04-01,16499,159,87,693,72,postos
2019-05-01,16562,147,115,691,32,postos
2019-06-01,16591,137,95,686,42,postos
2019-07-01,16654,161,164,686,-3,postos
2019-08-01,16916,399,121,685,278,postos
2019-09-01,17058,251,472,679,-221,postos
2019-10-01,16970,392,350,675,42,postos
2019-11-01,17056,435,202,672,233,postos
2019-12-01,17667,818,115,671,703,postos
2020-01-01,17727,177,77,672,100,postos
2020-02-01,17794,141,94,671,47,postos
2020-03-01,17866,167,141,671,26,postos
2020-04-01,17869,143,17869,669,-17726,postos
2020-05-01,17944,17944,144,669,17800,postos
2020-06-01,17968,168,96,667,72,postos
2020-07-01,18148,278,152,666,126,postos
2020-08-01,18228,234,83,665,151,postos
2020-09-01,18348,202,86,667,116,postos
2020-10-01,18485,224,172,664,52,postos
2020-11-01,18559,246,165,662,81,postos
2020-12-01,18514,123,70,662,53,postos
2021-01-01,18534,90,53,661,37,postos
2021-02-01,18566,80,182,662,-102,postos
2021-03-01,18830,446,52,661,394,postos
2021-04-01,18968,189,214,657,-25,postos
2021-05-01,18884,131,34,655,97,postos
2021-06-01,19080,230,65,656,165,postos
2021-07-01,19134,121,89,656,32,postos
2021-08-01,19303,259,131,655,128,postos
2021-09-01,19407,238,67,658,171,postos
2021-10-01,19532,188,113,659,75,postos
2021-11-01,19606,187,541,653,-354,postos
2021-12-01,19237,184,66,652,118,postos
2022-01-01,19268,85,95,652,-10,postos
2022-02-01,19255,85,75,652,10,postos
2022-03-01,19383,201,103,652,98,postos
2022-04-01,19403,122,81,652,41,postos
2022-05-01,19440,117,88,651,29,postos
2022-06-01,19496,143,75,650,68,postos
2022-07-01,19597,177,72,651,105,postos
2022-08-01,19675,152,52,651,100,postos
2022-09-01,19774,152,112,651,40,postos
2022-10-01,19789,126,164,650,-38,postos
2022-11-01,19804,178,204,645,-26,postos
2022-12-01,19939,339,63,653,276,postos
2023-01-01,20071,194,70,648,124,postos
2023-02-01,20074,72,125,644,-53,postos
2023-03-01,20051,108,151,643,-43,postos
2023-04-01,20029,129,76,642,53,postos
2023-05-01,20063,110,197,643,-87,postos
2023-06-01,20060,195,68,642,127,postos
2023-07-01,20075,79,43,641,36,postos
2023-08-01,20158,127,33,639,94,postos
2023-09-01,20233,107,78,637,29,postos
2023-10-01,20265,110,173,636,-63,postos
2023-11-01,20353,263,77,635,186,postos
2023-12-01,20381,103,82,632,21,postos
2024-01-01,20408,107,677,634,-570,postos
2024-05-01,20198,465,1287,629,-822,postos
2024-11-01,20978,2066,0,632,2066,postos
