Variable,Full,CEM,Trimmed
Basel Capital Ratio (%),-0.3456315506999147,-0.34064015576568596,-0.3633879952004022
Leverage (Passivo / Assets),0.9447415041365848,0.9466117487540993,0.7322895898623243
Return on Assets,0.11434058164777974,0.10113164427032464,0.05120424157632465
Net Interest Margin,-0.5342154208825851,-0.5316339679440356,-0.4382237181063039
Cost-to-Income Ratio,-0.40016596528559506,-0.39718861939964595,-0.35789126828869094
Credit Portfolio / Assets,0.3321504912076683,0.3233679245558992,0.002030423590085282
NPL Ratio (Provisions / Gross Credit),-0.4810133859370859,-0.48119894019037446,-0.5349525304736373
Deposit Ratio (Captações / Assets),0.47571186276541094,0.540719459663901,-0.10489786361713613
log_assets,0.5729443432625844,0.5736579673501792,0.3468798762690107
