Spec,Outcome,coef,ci_lo,ci_hi,pval,N
(1) Raw,Basel Capital Ratio (%),-11.04779,-11.86667,-10.2289,0.0,14433
(1) Raw,Leverage (Passivo / Assets),0.24795,0.24172,0.25418,0.0,14920
(1) Raw,Return on Assets,0.00553,0.00443,0.00663,0.0,14920
(1) Raw,Net Interest Margin,-0.06646,-0.06926,-0.06367,0.0,14920
(1) Raw,Cost-to-Income Ratio,-2.44056,-2.58642,-2.2947,0.0,14769
(1) Raw,Credit Portfolio / Assets,0.10791,0.09756,0.11826,0.0,14920
(1) Raw,NPL Ratio (Provisions / Gross Credit),-0.04087,-0.04367,-0.03806,0.0,9955
(1) Raw,Deposit Ratio (Captações / Assets),0.15204,0.1416,0.16249,0.0,14920
(2) Full+ctrl,Basel Capital Ratio (%),-6.88957,-7.58647,-6.19268,0.0,14433
(2) Full+ctrl,Leverage (Passivo / Assets),0.14713,0.14217,0.15209,0.0,14920
(2) Full+ctrl,Return on Assets,0.0034,0.00272,0.00409,0.0,14920
(2) Full+ctrl,Net Interest Margin,-0.03455,-0.03631,-0.03278,0.0,14920
(2) Full+ctrl,Cost-to-Income Ratio,-1.48217,-1.59244,-1.3719,0.0,14769
(2) Full+ctrl,Credit Portfolio / Assets,0.05536,0.04481,0.06591,0.0,14920
(2) Full+ctrl,NPL Ratio (Provisions / Gross Credit),-0.03933,-0.04203,-0.03662,0.0,9955
(2) Full+ctrl,Deposit Ratio (Captações / Assets),0.04412,0.03348,0.05475,0.0,14920
(3) CEM+ctrl,Basel Capital Ratio (%),-7.15943,-7.89405,-6.42481,0.0,13249
(3) CEM+ctrl,Leverage (Passivo / Assets),0.14894,0.14369,0.15419,0.0,13686
(3) CEM+ctrl,Return on Assets,0.00281,0.0021,0.00353,0.0,13686
(3) CEM+ctrl,Net Interest Margin,-0.03479,-0.03667,-0.03292,0.0,13686
(3) CEM+ctrl,Cost-to-Income Ratio,-1.50645,-1.6269,-1.386,0.0,13561
(3) CEM+ctrl,Credit Portfolio / Assets,0.04899,0.03762,0.06036,0.0,13686
(3) CEM+ctrl,NPL Ratio (Provisions / Gross Credit),-0.04081,-0.04373,-0.03789,0.0,8896
(3) CEM+ctrl,Deposit Ratio (Captações / Assets),0.06479,0.05327,0.07632,0.0,13686
(4) Trim+ctrl,Basel Capital Ratio (%),-8.0746,-9.09126,-7.05795,0.0,7933
(4) Trim+ctrl,Leverage (Passivo / Assets),0.10991,0.10309,0.11674,0.0,7970
(4) Trim+ctrl,Return on Assets,0.00125,0.00053,0.00198,0.00069,7970
(4) Trim+ctrl,Net Interest Margin,-0.01581,-0.01732,-0.01431,0.0,7970
(4) Trim+ctrl,Cost-to-Income Ratio,-0.88406,-0.99674,-0.77139,0.0,7963
(4) Trim+ctrl,Credit Portfolio / Assets,-0.01489,-0.02818,-0.0016,0.02805,7970
(4) Trim+ctrl,NPL Ratio (Provisions / Gross Credit),-0.04056,-0.0445,-0.03663,0.0,6457
(4) Trim+ctrl,Deposit Ratio (Captações / Assets),-0.04465,-0.05683,-0.03246,0.0,7970
