Instituição;Código;TCB;TD;TC;SR;Cidade;UF;Data;Exportações;Exportações - Valor;Importações;Importações - Valor;Total Primário Comercial;Total Primário Comercial - Valor;Transferências do Exterior;Transferências do Exterior - Valor;Transferências para o Exterior;Transferências para o Exterior - Valor;Total Primário Financeiro;Total Primário Financeiro - Valor;Total Primário;Total Primário - Valor;Interbancário Compra;Interbancário Compra - Valor;Interbancário Venda;Interbancário Venda - Valor;Total Interbancário;Total Interbancário - Valor;Total;Total - Valor Total
SANTANDER;30.379;b1;C;3;S1;SAO PAULO;SP;09/2020;18.673;8.886.920;58.058;7.411.660;76.731;16.298.581;56.150;8.385.303;73.587;12.046.760;129.737;20.432.062;206.468;36.730.643;4.289;26.801.741;4.041;21.145.607;8.330;47.947.348;214.798;84.677.991
CITIBANK;30.403;b1;C;3;S2;SAO PAULO;SP;09/2020;4.319;3.038.065;20.906;4.661.283;25.225;7.699.348;22.607;17.775.622;28.338;21.699.037;50.945;39.474.659;76.170;47.174.007;552;9.983.405;430;4.595.985;982;14.579.390;77.152;61.753.397
ITAU;10.069;b1;C;2;S1;SAO PAULO;SP;09/2020;24.446;6.130.952;65.913;5.809.260;90.359;11.940.212;114.394;7.452.429;91.338;10.027.320;205.732;17.479.749;296.091;29.419.961;1.117;14.495.433;1.178;12.140.922;2.295;26.636.355;298.386;56.056.316
JP MORGAN CHASE;20.107;b1;C;3;S3;SAO PAULO;SP;09/2020;927;1.465.594;6.169;1.796.696;7.096;3.262.290;3.639;12.852.638;5.506;12.638.180;9.145;25.490.818;16.241;28.753.109;620;8.504.270;807;12.529.999;1.427;21.034.270;17.668;49.787.378
BRADESCO;10.045;b1;C;2;S1;OSASCO;SP;09/2020;18.632;6.242.998;49.719;5.433.444;68.351;11.676.442;95.192;6.203.604;46.266;7.165.614;141.458;13.369.217;209.809;25.045.660;1.352;7.142.778;1.359;7.259.100;2.711;14.401.879;212.520;39.447.538
BANCO ABN AMRO S.A.;3.532.415;b1;I;3;S4;SAO PAULO;SP;09/2020;4;4.237;6;13.239;10;17.476;522;6.862.980;580;6.908.862;1.102;13.771.842;1.112;13.789.319;128;10.251.463;128;10.249.090;256;20.500.553;1.368;34.289.872
BB;49.906;b1;C;1;S1;BRASILIA;DF;09/2020;22.246;7.129.216;34.232;3.687.769;56.478;10.816.985;80.548;1.847.456;54.147;4.286.398;134.695;6.133.854;191.173;16.950.839;750;2.512.936;763;4.274.081;1.513;6.787.017;192.686;23.737.856
BTG PACTUAL;49.944;b1;C;2;S1;RIO DE JANEIRO;RJ;09/2020;553;1.603.786;1.873;263.353;2.426;1.867.139;1.830;1.323.341;4.076;2.331.932;5.906;3.655.273;8.332;5.522.412;280;8.103.982;441;8.802.836;721;16.906.818;9.053;22.429.230
BNP PARIBAS;51.516;b1;C;3;S3;SAO PAULO;SP;09/2020;741;910.377;3.342;1.133.090;4.083;2.043.467;2.156;2.874.863;4.794;3.095.501;6.950;5.970.364;11.033;8.013.831;2.156;6.698.176;2.142;6.969.696;4.298;13.667.872;15.331;21.681.703
ING;51.073;b1;C;3;S3;SAO PAULO;SP;09/2020;133;1.063.971;0;0;133;1.063.971;51;51.811;139;100.969;190;152.780;323;1.216.751;201;9.674.746;239;10.495.683;440;20.170.429;763;21.387.180
BOFA MERRILL LYNCH;51.255;b1;C;3;S3;SAO PAULO;SP;09/2020;451;1.895.909;1.771;751.886;2.222;2.647.795;1.080;4.702.729;1.849;5.749.224;2.929;10.451.953;5.151;13.099.749;471;2.088.611;294;2.220.848;765;4.309.459;5.916;17.409.207
Banco Central do Brasil;38.166;;;;;BRASILIA;DF;09/2020;0;0;0;0;0;0;13;25.003;0;0;13;25.003;13;25.003;11;6.814.634;40;9.467.000;51;16.281.634;64;16.306.637
SOCIETE GENERALE;31.859;b1;C;3;S3;SAO PAULO;SP;09/2020;109;188.820;546;145.627;655;334.447;463;3.800.224;968;4.055.456;1.431;7.855.680;2.086;8.190.126;295;2.322.824;281;2.095.543;576;4.418.367;2.662;12.608.494
BANCO MUFG BRASIL S.A.;60.498.557;b1;I;3;S3;SAO PAULO;SP;09/2020;308;130.842;849;105.220;1.157;236.062;863;461.917;1.039;835.365;1.902;1.297.282;3.059;1.533.343;1.700;5.473.969;1.754;5.571.262;3.454;11.045.231;6.513;12.578.574
CREDIT AGRICOLE;51.066;b1;C;3;S3;SAO PAULO;SP;09/2020;24;142.027;12;732;36;142.758;65;101.092;145;188.451;210;289.543;246;432.301;374;5.119.064;384;5.179.539;758;10.298.604;1.004;10.730.905
VOTORANTIM;51.011;b1;C;2;S2;SAO PAULO;SP;09/2020;376;656.156;1.693;298.089;2.069;954.245;768;1.373.579;1.900;1.375.956;2.668;2.749.535;4.737;3.703.780;684;2.835.877;1.314;2.629.978;1.998;5.465.855;6.735;9.169.635
MORGAN STANLEY;51.413;b1;C;3;S3;SAO PAULO;SP;09/2020;0;0;0;0;0;0;1.038;3.264.776;1.032;1.705.516;2.070;4.970.292;2.070;4.970.292;43;892.479;87;2.599.493;130;3.491.972;2.200;8.462.264
GOLDMAN SACHS;51.585;b2;C;3;S3;SAO PAULO;SP;09/2020;0;0;0;0;0;0;584;2.440.432;806;2.049.477;1.390;4.489.909;1.390;4.489.909;74;1.098.543;82;1.893.691;156;2.992.234;1.546;7.482.143
DEUTSCHE BANK S.A. - BANCO ALEMAO;62.331.228;b1;I;3;S3;SAO PAULO;SP;09/2020;216;468.331;526;432.626;742;900.958;782;1.340.576;1.352;1.399.076;2.134;2.739.653;2.876;3.640.611;368;1.299.386;437;1.350.031;805;2.649.417;3.681;6.290.028
ABC-BRASIL;41.856;b1;C;3;S3;SAO PAULO;SP;09/2020;534;324.727;1.314;201.015;1.848;525.742;262;475.567;1.093;343.057;1.355;818.624;3.203;1.344.366;662;1.874.822;1.230;2.168.202;1.892;4.043.024;5.095;5.387.389
CREDIT SUISSE;30.771;b1;C;3;S3;SAO PAULO;SP;09/2020;0;0;0;0;0;0;587;959.947;847;1.196.695;1.434;2.156.642;1.434;2.156.642;34;1.072.131;33;934.928;67;2.007.059;1.501;4.163.701
BANCO RABOBANK INTERNATIONAL BRASIL S.A.;1.023.570;b1;I;3;S3;SAO PAULO;SP;09/2020;297;1.028.941;108;96.776;405;1.125.717;207;224.555;724;357.975;931;582.530;1.336;1.708.248;78;772.140;92;1.347.786;170;2.119.926;1.506;3.828.173
BANCO HSBC S.A.;53.518.684;b1;I;3;S4;SAO PAULO;SP;09/2020;55;333.356;489;97.544;544;430.901;137;607.803;387;582.287;524;1.190.090;1.068;1.620.990;302;965.152;369;1.215.607;671;2.180.759;1.739;3.801.750
CONFIDENCE;51.671;b2;C;2;S4;SAO PAULO;SP;09/2020;1.776;241.416;6.132;220.796;7.908;462.211;45.072;475.454;57.943;867.590;103.015;1.343.044;110.923;1.805.256;5.560;687.498;11.212;319.127;16.772;1.006.625;127.695;2.811.880
BANCO SUMITOMO MITSUI BRASILEIRO S.A.;60.518.222;b1;I;3;S3;SAO PAULO;SP;09/2020;416;165.597;1.599;204.679;2.015;370.277;1.029;401.306;1.411;730.509;2.440;1.131.814;4.455;1.502.091;248;805.662;256;439.630;504;1.245.292;4.959;2.747.383
RENDIMENTO;51.468;b1;C;2;S4;SAO PAULO;SP;09/2020;227;11.624;1.424;95.537;1.651;107.162;417.126;901.284;142.923;98.263;560.049;999.547;561.700;1.106.709;4.731;429.117;19.409;1.166.341;24.140;1.595.457;585.840;2.702.166
SCOTIABANK BRASIL S.A. BANCO MÚLTIPLO;29.030.467;b1;I;3;S4;SAO PAULO;SP;09/2020;41;116.315;76;67.369;117;183.684;65;501.734;368;431.845;433;933.579;550;1.117.262;48;685.105;58;855.107;106;1.540.212;656;2.657.474
MS BANK S.A. BANCO DE CÂMBIO;19.307.785;b2;I;2;S4;CURITIBA;PR;09/2020;318;15.711;2.361;73.333;2.679;89.043;756;430.265;403.904;304.260;404.660;734.525;407.339;823.568;920;829.708;1.153;902.707;2.073;1.732.414;409.412;2.555.982
DAYCOVAL;51.987;b1;C;2;S3;SAO PAULO;SP;09/2020;1.566;236.585;1.981;123.484;3.547;360.070;155.289;438.965;46.463;194.649;201.752;633.614;205.299;993.684;702;479.164;1.047;845.231;1.749;1.324.396;207.048;2.318.080
SAFRA;10.083;b1;C;2;S2;SAO PAULO;SP;09/2020;705;357.399;2.812;366.674;3.517;724.073;16.084;206.763;9.709;415.969;25.793;622.731;29.310;1.346.805;438;556.960;419;352.333;857;909.293;30.167;2.256.097
BANCO OURINVEST S.A.;78.632.767;b1;I;2;S4;SAO PAULO;SP;09/2020;1.634;263.834;6.382;328.153;8.016;591.987;7.127;239.329;71.117;331.790;78.244;571.119;86.260;1.163.106;2.945;506.605;3.596;307.539;6.541;814.144;92.801;1.977.251
MIZUHO;51.554;b1;I;3;S4;SAO PAULO;SP;09/2020;132;179.219;471;92.882;603;272.101;193;224.133;403;224.201;596;448.334;1.199;720.435;182;463.562;177;618.649;359;1.082.211;1.558;1.802.647
BEXS;51.743;b2;C;2;S4;SAO PAULO;SP;09/2020;65;275.511;28;1.069;93;276.580;9.261;78.602;142.699;561.867;151.960;640.469;152.053;917.050;534;501.178;127;289.191;661;790.369;152.714;1.707.418
BANCO FIBRA S.A.;58.616.418;b1;I;2;S3;SAO PAULO;SP;09/2020;224;184.720;1.709;273.772;1.933;458.492;96;63.840;339;175.670;435;239.510;2.368;698.002;161;510.805;146;397.819;307;908.623;2.675;1.606.625
GRUPO BONSUCESSO - BS2;52.034;b1;C;2;S4;BELO HORIZONTE;MG;09/2020;778;206.686;2.977;112.987;3.755;319.673;16.047;306.612;29.570;205.003;45.617;511.615;49.372;831.289;554;262.453;793;448.664;1.347;711.116;50.719;1.542.405
XP;52.120;b1;C;2;S3;RIO DE JANEIRO;RJ;09/2020;59;13.042;39;9.980;98;23.023;549;499.179;1.524;299.348;2.073;798.527;2.171;821.550;1.290;230.369;416;401.493;1.706;631.862;3.877;1.453.412
PINE;50.304;b1;C;2;S3;SAO PAULO;SP;09/2020;78;53.517;450;44.229;528;97.747;24;16.632;102;20.111;126;36.743;654;134.489;74;565.868;245;552.699;319;1.118.567;973;1.253.056
CAIXA ECONOMICA FEDERAL;360.305;b1;I;1;S1;BRASILIA;DF;09/2020;402;104.482;233;8.970;635;113.453;25.324;223.234;1.613;183.165;26.937;406.399;27.572;519.852;538;268.926;599;379.660;1.137;648.586;28.709;1.168.438
BANCO TOPÁZIO S.A.;7.679.404;b1;I;3;S4;PORTO ALEGRE;RS;09/2020;80;43.761;313;27.017;393;70.778;593;39.734;1.262;232.988;1.855;272.722;2.248;343.500;1.237;411.137;3.017;234.563;4.254;645.700;6.502;989.200
BANCO B3 S.A.;997.185;b1;I;2;S4;SAO PAULO;SP;09/2020;0;0;0;0;0;0;499;242.881;400;365.835;899;608.717;899;608.717;191;246.519;89;123.635;280;370.154;1.179;978.871
BANCO DA CHINA BRASIL S.A.;10.690.848;b1;I;3;S4;SAO PAULO;SP;09/2020;56;63.072;59;30.074;115;93.146;71;338.229;165;65.466;236;403.695;351;496.841;73;62.547;97;398.217;170;460.764;521;957.605
C6 BANK;52.072;b1;C;2;S4;SAO PAULO;SP;09/2020;24;5.201;444;50.496;468;55.696;592;19.887;5.955;124.396;6.547;144.283;7.015;199.980;180;453.320;459;292.704;639;746.024;7.654;946.003
MÁXIMA;50.201;b1;C;2;S4;RIO DE JANEIRO;RJ;09/2020;476;187.824;920;61.025;1.396;248.849;22.187;154.676;88.335;225.835;110.522;380.510;111.918;629.359;206;120.401;174;176.446;380;296.846;112.298;926.206
HAITONG;51.482;b2;C;3;S3;SAO PAULO;SP;09/2020;11;27.258;8;2.878;19;30.136;7;14.109;1.056;387.060;1.063;401.168;1.082;431.305;63;385.873;15;38.741;78;424.614;1.160;855.919
CCB;32.119;b1;C;3;S3;SAO PAULO;SP;09/2020;216;162.775;1.051;116.007;1.267;278.782;25;10.578;637;101.623;662;112.201;1.929;390.983;100;180.552;64;239.131;164;419.683;2.093;810.666
BANCO KDB DO BRASIL S.A.;7.656.500;b1;I;3;S4;SAO PAULO;SP;09/2020;0;0;0;0;0;0;357;65.272;1.063;329.288;1.420;394.560;1.420;394.560;126;340.418;29;66.850;155;407.268;1.575;801.828
BOCOM;52.003;b1;C;3;S4;SALVADOR;BA;09/2020;30;26.570;18;1.189;48;27.759;56;111.245;489;176.910;545;288.155;593;315.914;15;62.457;34;237.407;49;299.864;642;615.778
PLURAL;51.839;b1;C;2;S4;RIO DE JANEIRO;RJ;09/2020;73;8.580;143;10.017;216;18.596;520;38.142;1.291;288.129;1.811;326.271;2.027;344.868;160;257.389;12;5.969;172;263.358;2.199;608.225
BMG;30.290;b1;C;2;S3;SAO PAULO;SP;09/2020;14;14.841;2;1.625;16;16.466;11;909;115;176.969;126;177.878;142;194.344;11;258.965;10;88.715;21;347.680;163;542.024
BANRISUL;30.173;b1;C;1;S2;PORTO ALEGRE;RS;09/2020;2.076;111.777;1.703;80.006;3.779;191.783;1.174;51.159;1.581;96.327;2.755;147.486;6.534;339.269;55;104.180;54;78.772;109;182.952;6.643;522.221
ALFA;51.293;b1;C;2;S3;SAO PAULO;SP;09/2020;30;16.482;46;5.523;76;22.005;50;197.823;139;48.206;189;246.029;265;268.034;15;52.914;23;169.914;38;222.827;303;490.861
ADVANCED CORRETORA DE CÂMBIO LTDA;92.856.905;n2;I;2;S4;SAO PAULO;SP;09/2020;665;16.296;6.233;95.033;6.898;111.329;5.379;52.010;10.404;82.977;15.783;134.987;22.681;246.316;1.668;173.308;593;63.501;2.261;236.810;24.942;483.126
B&T CORRETORA DE CAMBIO LTDA.;73.622.748;n2;I;2;S4;RIO DE JANEIRO;RJ;09/2020;547;11.933;2.539;64.438;3.086;76.371;37.505;77.734;71.706;78.712;109.211;156.446;112.297;232.817;1.572;140.172;1.216;86.342;2.788;226.514;115.085;459.331
MODAL;51.963;b1;C;2;S4;RIO DE JANEIRO;RJ;09/2020;25;21.324;165;13.128;190;34.452;600;174.029;374;56.120;974;230.149;1.164;264.601;12;15.751;25;139.971;37;155.722;1.201;420.323
BANCO CARGILL S.A.;3.609.817;b1;I;3;S4;SAO PAULO;SP;09/2020;24;74.682;1;18;25;74.700;22;33.581;37;15.259;59;48.839;84;123.539;1;50.000;9;211.000;10;261.000;94;384.539
MERCANTIL DO BRASIL;20.152;b1;C;2;S3;BELO HORIZONTE;MG;09/2020;2;69;0;0;2;69;144;4.641;164;146.208;308;150.849;310;150.918;75;176.022;62;44.342;137;220.363;447;371.281
INTL FCSTONE;52.041;b2;C;3;S4;SAO PAULO;SP;09/2020;40;4.918;110;4.433;150;9.351;8.837;164.715;557;14.007;9.394;178.723;9.544;188.074;185;11.215;373;162.408;558;173.623;10.102;361.696
BANCO DO NORDESTE DO BRASIL S.A.;7.237.373;b1;I;1;S2;FORTALEZA;CE;09/2020;53;102.181;77;3.946;130;106.127;46;25.449;78;11.800;124;37.249;254;143.375;56;20.719;70;132.707;126;153.426;380;296.802
INTESA SANPAOLO BRASIL S.A. - BANCO MÚLTIPLO;55.230.916;b1;I;3;S4;SAO PAULO;SP;09/2020;16;33.178;50;4.182;66;37.360;40;39.343;138;66.755;178;106.097;244;143.457;35;45.567;32;103.380;67;148.947;311;292.404
INDUSTRIAL DO BRASIL;50.988;b1;C;2;S4;SAO PAULO;SP;09/2020;92;100.851;234;22.450;326;123.301;138;5.004;195;8.678;333;13.682;659;136.983;160;36.047;103;105.659;263;141.706;922;278.688
ORIGINAL;51.781;b1;C;2;S3;SAO PAULO;SP;09/2020;28;28.128;12;478;40;28.606;121;288;306;10.036;427;10.324;467;38.930;8;101.082;11;126.086;19;227.168;486;266.098
FAIR CORRETORA DE CAMBIO S.A.;32.648.370;n2;I;2;S4;SAO PAULO;SP;09/2020;304;5.155;3.732;87.020;4.036;92.175;1.853;26.300;3.665;34.384;5.518;60.684;9.554;152.860;1.428;100.912;98;11.099;1.526;112.011;11.080;264.871
BANCO COOPERATIVO SICREDI S.A.;1.181.521;b1;I;2;S3;PORTO ALEGRE;RS;09/2020;1.954;78.006;2.201;72.443;4.155;150.449;1.190;20.237;865;28.097;2.055;48.334;6.210;198.782;35;32.811;17;27.810;52;60.621;6.262;259.403
BANCO NACIONAL DE DESENVOLVIMENTO ECONOMICO E SOCIAL;33.657.248;b4;I;1;S2;RIO DE JANEIRO;RJ;09/2020;10;61.983;0;0;10;61.983;17;13.749;3;75;20;13.824;30;75.807;0;0;9;174.967;9;174.967;39;250.773
WESTERN UNION;51.767;b1;C;3;S4;SAO PAULO;SP;09/2020;0;0;0;0;0;0;318.902;106.416;369.616;100.936;688.518;207.351;688.518;207.351;103;15.384;217;24.121;320;39.505;688.838;246.857
AGK CORRETORA DE CAMBIO S.A.;250.699;n2;I;2;S4;SAO PAULO;SP;09/2020;668;21.070;3.087;79.108;3.755;100.178;1.357;26.277;2.115;23.586;3.472;49.863;7.227;150.041;1.049;75.872;186;20.525;1.235;96.398;8.462;246.439
BANCO KEB HANA DO BRASIL S.A.;2.318.507;b1;I;3;S4;SAO PAULO;SP;09/2020;7;33.713;61;35.765;68;69.478;130;17.945;214;27.196;344;45.141;412;114.618;84;62.870;26;51.546;110;114.416;522;229.035
MONEYCORP BANCO DE CÂMBIO S.A.;8.609.934;b2;I;2;S4;SAO PAULO;SP;09/2020;10;4.392;209;2.840;219;7.233;372;18.468;1.823;62.097;2.195;80.565;2.414;87.798;548;86.104;307;44.059;855;130.163;3.269;217.961
BANCO LUSO BRASILEIRO S.A.;59.118.133;b1;I;2;S4;SAO PAULO;SP;09/2020;309;30.796;743;54.593;1.052;85.390;86;7.534;219;9.185;305;16.719;1.357;102.109;697;66.720;398;40.165;1.095;106.884;2.452;208.993
ICBC DO BRASIL BANCO MÚLTIPLO S.A.;17.453.575;b1;I;3;S4;SAO PAULO;SP;09/2020;18;42.000;3;5.536;21;47.536;16;56.740;67;43.933;83;100.673;104;148.209;2;2.670;50;50.166;52;52.836;156;201.045
GUITTA CORRETORA DE CAMBIO LTDA.;24.074.692;n2;I;2;S4;SAO PAULO;SP;09/2020;415;6.671;3.839;70.688;4.254;77.359;892;13.575;2.616;19.877;3.508;33.452;7.762;110.811;1.327;79.145;157;8.788;1.484;87.933;9.246;198.745
COMMERZBANK BRASIL S.A. - BANCO MÚLTIPLO;23.522.214;b1;I;3;S4;SAO PAULO;SP;09/2020;44;31.370;160;19.887;204;51.258;31;10.828;98;30.957;129;41.785;333;93.043;54;43.383;52;33.406;106;76.789;439;169.831
BROKER BRASIL CORRETORA DE CÂMBIO LTDA.;16.944.141;n2;I;2;S4;SAO PAULO;SP;09/2020;82;1.576;1.766;50.508;1.848;52.085;780;13.585;1.742;20.222;2.522;33.806;4.370;85.891;2.434;62.874;434;7.309;2.868;70.184;7.238;156.075
BANCO WOORI BANK DO BRASIL S.A.;15.357.060;b1;I;3;S4;SAO PAULO;SP;09/2020;1;127;156;35.156;157;35.283;222;26.952;445;31.565;667;58.517;824;93.800;160;44.744;22;5.069;182;49.813;1.006;143.613
SOFISA;31.873;b1;C;2;S4;SAO PAULO;SP;09/2020;301;65.579;192;11.658;493;77.236;35;3.710;172;2.757;207;6.467;700;83.703;8;514;26;58.017;34;58.530;734;142.233
LEVYCAM - CORRETORA DE CAMBIO E VALORES LTDA.;50.579.044;n2;I;2;S4;SAO PAULO;SP;09/2020;107;3.443;2.222;53.592;2.329;57.035;564;5.095;1.503;11.012;2.067;16.107;4.396;73.142;1.393;59.074;80;3.036;1.473;62.110;5.869;135.252
TREVISO CORRETORA DE CÂMBIO S.A.;2.992.317;n2;I;2;S4;SAO PAULO;SP;09/2020;149;3.365;1.846;38.944;1.995;42.309;1.082;13.989;2.229;19.817;3.311;33.806;5.306;76.115;1.716;50.205;214;8.798;1.930;59.003;7.236;135.118
DOURADA CORRETORA DE CÂMBIO LTDA.;76.641.497;n2;I;2;S4;CURITIBA;PR;09/2020;287;19.726;1.303;36.745;1.590;56.471;1.613;10.087;4.248;11.226;5.861;21.313;7.451;77.784;1.124;35.213;365;17.092;1.489;52.306;8.940;130.090
BR PARTNERS;51.822;b2;C;2;S4;SAO PAULO;SP;09/2020;7;13.055;97;17.435;104;30.491;3;187;231;3.904;234;4.091;338;34.582;10;43.500;5;35.500;15;79.000;353;113.582
VISION S.A. CORRETORA DE CAMBIO;4.062.902;n2;I;2;S4;SAO PAULO;SP;09/2020;142;2.663;1.198;26.159;1.340;28.822;1.823;9.197;2.987;12.474;4.810;21.672;6.150;50.493;1.806;34.820;361;8.049;2.167;42.869;8.317;93.362
OM DISTRIBUIDORA DE TÍTULOS E VALORES MOBILIÁRIOS LTDA;11.495.073;n2;I;2;S4;SAO PAULO;SP;09/2020;6;181;25;161;31;343;12.873;4.757;12.017;6.100;24.890;10.857;24.921;11.199;903;37.393;287;36.174;1.190;73.567;26.111;84.767
INTER;51.884;b1;C;2;S4;BELO HORIZONTE;MG;09/2020;34;403;53;618;87;1.020;10.612;14.450;1.899;25.585;12.511;40.035;12.598;41.055;320;20.652;386;9.500;706;30.152;13.304;71.207
FRENTE CORRETORA DE CÂMBIO LTDA.;71.677.850;n2;I;2;S4;SAO PAULO;SP;09/2020;12;196;329;4.488;341;4.684;1.338;6.909;1.132;7.825;2.470;14.734;2.811;19.418;1.173;28.113;297;22.806;1.470;50.919;4.281;70.337
CAIXA GERAL;51.815;b1;C;3;S4;SAO PAULO;SP;09/2020;11;13.761;9;4.129;20;17.891;13;550;125;2.184;138;2.734;158;20.625;14;11.285;15;36.275;29;47.561;187;68.185
INDUSVAL;50.531;b1;C;2;S4;SAO PAULO;SP;09/2020;212;24.285;135;7.420;347;31.705;53;3.941;191;5.292;244;9.233;591;40.938;24;5.932;23;19.316;47;25.248;638;66.186
DEBONI DISTRIBUIDORA DE TITULOS E VALORES MOBILIARIOS LTDA;77.162.881;n2;I;2;S4;CURITIBA;PR;09/2020;3;15;485;18.920;488;18.935;425;933;446;1.279;871;2.212;1.359;21.146;607;30.379;153;11.135;760;41.514;2.119;62.660
INTERCAM CORRETORA DE CÂMBIO LTDA.;34.265.629;n2;I;2;S4;SAO PAULO;SP;09/2020;25;587;490;21.499;515;22.086;224;3.955;429;3.478;653;7.433;1.168;29.519;647;24.930;187;4.505;834;29.435;2.002;58.954
BRB;31.976;b1;C;1;S3;BRASILIA;DF;09/2020;0;0;6;46;6;46;97;23.347;218;3.759;315;27.106;321;27.152;13;3.337;13;22.903;26;26.240;347;53.392
CONECTA CORRETORA DE CÂMBIO LTDA.;18.287.740;n2;I;2;S5;SALVADOR;BA;09/2020;61;1.052;511;14.004;572;15.057;2.941;5.071;2.414;7.470;5.355;12.541;5.927;27.598;1.036;20.170;296;4.821;1.332;24.991;7.259;52.589
BANESTES;30.159;b1;C;1;S3;VITORIA;ES;09/2020;773;19.549;312;11.196;1.085;30.745;161;3.113;160;1.520;321;4.632;1.406;35.377;18;3.079;81;13.411;99;16.490;1.505;51.867
SAGITUR CORRETORA DE CÂMBIO LTDA.;61.444.949;n2;I;2;S4;SAO PAULO;SP;09/2020;1;3;245;4.973;246;4.976;1.547;2.326;9.467;8.239;11.014;10.565;11.260;15.542;645;23.291;186;12.423;831;35.714;12.091;51.256
CORREPARTI CORRETORA DE CAMBIO LTDA;80.202.872;n2;I;2;S4;SAO JOSE DOS PINHAIS;PR;09/2020;26;1.747;687;20.609;713;22.356;37;975;145;1.037;182;2.012;895;24.368;446;22.035;70;3.099;516;25.134;1.411;49.501
BANCO DO ESTADO DO PARÁ S.A.;4.913.711;b1;I;1;S3;BELEM;PA;09/2020;164;6.564;4;258;168;6.821;81;15.315;102;868;183;16.183;351;23.005;12;780;66;22.133;78;22.913;429;45.918
BOA VIAGEM SOCIEDADE CORRETORA DE CÂMBIO LTDA.;6.373.777;n2;I;2;S4;RECIFE;PE;09/2020;4;38;208;5.340;212;5.378;3.185;3.849;2.455;7.871;5.640;11.721;5.852;17.099;1.038;16.965;353;7.654;1.391;24.620;7.243;41.719
FOURTRADE CORRETORA DE CÂMBIO LTDA.;40.353.377;n2;I;2;S4;RIO DE JANEIRO;RJ;09/2020;13;160;578;12.606;591;12.766;174;3.212;588;5.025;762;8.238;1.353;21.004;313;17.094;66;2.836;379;19.930;1.732;40.934
MONOPÓLIO CORRETORA DE CÂMBIO LTDA.;34.666.362;n2;I;2;S4;BELEM;PA;09/2020;0;0;0;0;0;0;1.941;694;711;423;2.652;1.117;2.652;1.117;166;19.694;156;19.961;322;39.655;2.974;40.772
PATACÃO DISTRIBUIDORA DE TÍTULOS E VALORES MOBILIÁRIOS LTDA.;59.615.005;n2;I;2;S4;SOROCABA;SP;09/2020;2;17;156;3.434;158;3.451;753;771;19.295;15.624;20.048;16.395;20.206;19.845;598;18.901;63;630;661;19.531;20.867;39.377
CAMBIONET CORRETORA DE CÂMBIO LTDA.;14.190.547;n2;I;2;S4;PORTO ALEGRE;RS;09/2020;91;1.363;301;5.412;392;6.775;3.091;4.838;3.900;10.123;6.991;14.962;7.383;21.737;1.285;12.982;247;3.710;1.532;16.692;8.915;38.429
BANCOOB;51.750;b1;C;2;S3;BRASILIA;DF;09/2020;97;5.838;149;3.300;246;9.139;69;3.573;69;15.341;138;18.914;384;28.052;9;10.059;0;0;9;10.059;393;38.111
LABOR SOCIEDADE CORRETORA DE CÂMBIO LTDA.;6.132.348;n2;I;2;S5;RECIFE;PE;09/2020;16;349;105;2.592;121;2.941;4.819;2.037;3.210;14.249;8.029;16.286;8.150;19.227;600;15.886;65;1.265;665;17.151;8.815;36.378
DECYSEO CORRETORA DE CAMBIO LTDA.;94.968.518;n2;I;2;S4;SAO PAULO;SP;09/2020;23;471;125;2.649;148;3.120;259;4.934;348;6.413;607;11.348;755;14.468;292;8.651;121;4.979;413;13.630;1.168;28.097
EXECUTIVE CORRETORA DE CÂMBIO LTDA.;19.086.249;n2;I;2;S5;NOVO HAMBURGO;RS;09/2020;40;783;234;4.102;274;4.885;3.592;4.461;4.656;5.120;8.248;9.581;8.522;14.466;678;7.503;317;3.516;995;11.019;9.517;25.485
BRX CORRETORA DE CÂMBIO LTDA.;17.904.906;n2;I;2;S4;RIO DE JANEIRO;RJ;09/2020;0;0;6;259;6;259;2.050;1.598;2.049;2.632;4.099;4.230;4.105;4.488;563;10.810;226;9.522;789;20.332;4.894;24.821
BANCO DA AMAZONIA S.A.;4.902.979;b1;I;1;S3;BELEM;PA;09/2020;94;7.079;54;2.194;148;9.273;35;1.042;176;1.861;211;2.903;359;12.176;12;1.433;21;5.497;33;6.931;392;19.106
MIRAE ASSET WEALTH MANAGEMENT (BRAZIL) CORRETORA DE CÂMBIO, TÍTULOS E VALORES MOBILIÁRIOS LTDA.;12.392.983;n2;I;3;S4;SAO PAULO;SP;09/2020;13;203;290;6.777;303;6.980;96;882;98;1.145;194;2.028;497;9.008;277;8.096;94;1.274;371;9.370;868;18.378
IB CORRETORA DE CÂMBIO, TÍTULOS E VALORES MOBILIÁRIOS S.A.;27.842.177;n2;I;2;S4;SAO PAULO;SP;09/2020;46;2.367;157;2.457;203;4.825;134;1.510;499;2.590;633;4.100;836;8.925;545;5.163;258;3.997;803;9.160;1.639;18.085
DILLON S/A DISTRIBUIDORA DE TITULOS E VALORES MOBILIARIOS;33.851.064;n2;I;2;S4;RIO DE JANEIRO;RJ;09/2020;6;35;86;1.935;92;1.971;253;3.259;439;4.054;692;7.313;784;9.284;393;4.427;82;1.719;475;6.147;1.259;15.430
ARC CORRETORA DE CAMBIO, ASSOCIADOS GOUVEIA, CAMPEDELLI S.A.;4.684.647;n2;I;2;S4;SANTOS;SP;09/2020;44;257;69;1.021;113;1.277;689;6.228;396;1.736;1.085;7.964;1.198;9.241;76;847;139;4.570;215;5.417;1.413;14.658
EXIM CORRETORA DE CAMBIO LTDA;73.302.408;n2;I;2;S4;PORTO ALEGRE;RS;09/2020;14;168;118;1.441;132;1.609;224;3.244;513;2.854;737;6.098;869;7.707;368;2.986;90;2.102;458;5.088;1.327;12.795
ONNIX CORRETORA DE CÂMBIO LTDA.;7.333.726;n2;I;2;S4;PORTO ALEGRE;RS;09/2020;10;279;186;4.028;196;4.308;49;1.121;98;1.228;147;2.348;343;6.656;150;4.701;38;846;188;5.547;531;12.203
NOVO BANCO CONTINENTAL S.A. - BANCO MÚLTIPLO;74.828.799;b1;I;3;S4;PORTO ALEGRE;RS;09/2020;44;3.559;29;397;73;3.956;8;2.044;21;2.125;29;4.170;102;8.125;0;0;2;4.000;2;4.000;104;12.125
VIP'S CORRETORA DE CÂMBIO LTDA.;17.772.370;n2;I;2;S5;SAO PAULO;SP;09/2020;2;21;79;1.822;81;1.843;650;1.660;903;2.705;1.553;4.364;1.634;6.207;317;3.980;23;1.189;340;5.169;1.974;11.376
AVS CORRETORA DE CÂMBIO LTDA.;25.280.945;n2;I;2;S5;CURITIBA;PR;09/2020;79;197;198;1.866;277;2.063;1.701;1.234;1.169;2.468;2.870;3.702;3.147;5.765;421;3.562;124;654;545;4.216;3.692;9.981
UNIÃO ALTERNATIVA CORRETORA DE CÂMBIO LTDA.;17.508.380;n2;I;2;S4;PORTO ALEGRE;RS;09/2020;0;0;0;0;0;0;8.369;1.883;5.047;2.816;13.416;4.698;13.416;4.698;137;3.068;55;2.106;192;5.174;13.608;9.872
TURCÂMBIO - CORRETORA DE CÂMBIO LTDA.;15.482.499;n2;I;2;S4;GAROPABA;SC;09/2020;10;54;47;556;57;610;3.562;2.542;5.571;1.462;9.133;4.004;9.190;4.614;155;1.745;186;2.349;341;4.094;9.531;8.708
GET MONEY CORRETORA DE CÂMBIO S.A.;10.853.017;n2;I;2;S5;SAO PAULO;SP;09/2020;3;14;29;594;32;608;5.271;3.048;2.653;2.583;7.924;5.631;7.956;6.239;237;930;51;683;288;1.612;8.244;7.851
AMARIL FRANKLIN CORRETORA DE TÍTULOS E VALORES LTDA;17.312.661;n2;I;2;S4;BELO HORIZONTE;MG;09/2020;112;2.442;37;605;149;3.047;28;336;41;536;69;873;218;3.920;68;1.124;131;2.762;199;3.886;417;7.806
BANCO SEMEAR S.A.;795.423;b1;I;2;S4;BELO HORIZONTE;MG;09/2020;0;0;55;2.461;55;2.461;1;407;5;623;6;1.031;61;3.492;42;3.181;5;502;47;3.683;108;7.175
CONEXION CORRETORA DE CÂMBIO LTDA.;17.635.177;n2;I;2;S4;RIBEIRAO PRETO;SP;09/2020;0;0;0;0;0;0;100;446;567;2.251;667;2.696;667;2.696;336;2.031;10;209;346;2.240;1.013;4.937
LASTRO RDV DISTRIBUIDORA DE TÍTULOS E VALORES MOBILIÁRIOS LTDA.;71.590.442;n2;I;2;S4;ARARAS;SP;09/2020;10;161;39;605;49;766;101;548;213;1.133;314;1.681;363;2.447;214;1.654;66;629;280;2.283;643;4.730
H.H.PICCHIONI;30.829;n2;C;2;S4;BELO HORIZONTE;MG;09/2020;2;3;6;54;8;58;946;715;1.293;1.927;2.239;2.642;2.247;2.699;402;1.621;45;311;447;1.933;2.694;4.632
CONSEGTUR CORRETORA DE CÂMBIO LTDA.;15.168.152;n2;I;2;S4;SAO PAULO;SP;09/2020;0;0;13;333;13;333;52;835;178;1.141;230;1.976;243;2.309;190;1.378;49;738;239;2.116;482;4.425
LEROSA S.A. CORRETORA DE VALORES E CAMBIO;61.973.863;n2;I;2;S4;SAO PAULO;SP;09/2020;1;7;51;1.292;52;1.299;19;148;43;757;62;905;114;2.203;83;2.042;14;150;97;2.192;211;4.396
PACIFIC INVEST DISTRIBUIDORA DE TITULOS E VALORES MOBILIARIOS LTDA;73.279.093;n2;I;2;S4;JOACABA;SC;09/2020;8;100;8;367;16;468;682;434;1.042;1.444;1.724;1.878;1.740;2.346;150;1.515;24;286;174;1.801;1.914;4.147
AMAZÔNIA CORRETORA DE CÂMBIO LTDA.;16.927.221;n2;I;2;S4;MANAUS;AM;09/2020;0;0;4;33;4;33;959;282;2.510;1.740;3.469;2.022;3.473;2.056;257;1.564;13;108;270;1.672;3.743;3.727
PAN;31.323;b1;C;2;S3;SAO PAULO;SP;09/2020;0;0;0;0;0;0;16;157;56;1.488;72;1.645;72;1.645;12;1.500;0;0;12;1.500;84;3.145
SOL CORRETORA DE CÂMBIO LTDA.;8.520.517;n2;I;2;S4;NATAL;RN;09/2020;0;0;7;211;7;211;1.443;713;805;865;2.248;1.578;2.255;1.788;139;860;75;485;214;1.345;2.469;3.133
SADOC SOCIEDADE CORRETORA DE CÂMBIO LTDA.;28.762.249;n2;I;2;S5;FORTALEZA;CE;09/2020;0;0;12;112;12;112;760;716;370;727;1.130;1.443;1.142;1.555;77;637;67;517;144;1.153;1.286;2.708
SINGRATUR CORRETORA DE CÂMBIO LTDA;16.854.999;n2;I;2;S4;MARINGA;PR;09/2020;1;7;7;87;8;94;130;111;410;1.063;540;1.174;548;1.268;120;1.122;39;87;159;1.209;707;2.477
PARMETAL DISTRIBUIDORA DE TÍTULOS E VALORES MOBILIÁRIOS LTDA;20.155.248;n2;I;2;S4;SAO PAULO;SP;09/2020;0;0;0;0;0;0;1.004;445;1.021;926;2.025;1.371;2.025;1.371;37;637;15;31;52;668;2.077;2.039
LÚMINA CORRETORA DE CÂMBIO LTDA.;15.122.605;n2;I;2;S5;SALVADOR;BA;09/2020;0;0;0;0;0;0;1.846;734;855;666;2.701;1.400;2.701;1.400;81;177;25;349;106;526;2.807;1.926
BANCO DE LA NACION ARGENTINA;33.042.151;b1;I;3;S4;SAO PAULO;SP;09/2020;1;49;2;55;3;105;1.207;798;24;87;1.231;885;1.234;990;3;104;3;104;6;208;1.240;1.197
GOOD CORRETORA DE CÂMBIO LTDA;23.010.182;n2;I;2;S4;PORTO ALEGRE;RS;09/2020;0;0;0;0;0;0;632;392;477;548;1.109;939;1.109;939;32;221;4;35;36;257;1.145;1.196
DIBRAN DISTRIBUIDORA DE TÍTULOS E VALORES MOBILIÁRIOS LTDA.;62.280.490;n2;I;2;S4;SAO PAULO;SP;09/2020;0;0;7;52;7;52;10;13;75;452;85;465;92;516;36;481;3;10;39;491;131;1.008
CORRETORA DE CÂMBIO AÇORIANA LIMITADA.;15.761.217;n2;I;2;S4;FLORIANOPOLIS;SC;09/2020;0;0;0;0;0;0;63;68;163;440;226;508;226;508;80;404;5;26;85;430;311;938
EBADIVAL - E. BAGGIO DISTRIBUIDORA DE TÍTULOS E VALORES MOBILIÁRIOS LTDA.;89.784.367;n2;I;2;S5;CURITIBA;PR;09/2020;0;0;0;0;0;0;215;249;130;254;345;503;345;503;39;184;12;182;51;366;396;870
NUMATUR CORRETORA DE CÂMBIO LTDA.;18.145.784;n2;I;2;S5;SAO PAULO;SP;09/2020;0;0;0;0;0;0;154;191;200;410;354;601;354;601;43;241;0;0;43;241;397;842
CREFISA;52.010;b1;C;2;S4;SAO PAULO;SP;09/2020;0;0;0;0;0;0;15;68;21;309;36;377;36;377;5;277;0;0;5;277;41;654
COLUNA S/A DISTRIBUIDORA DE TITULOS E VALORES MOBILIÁRIOS;460.065;n2;I;2;S4;RIO DE JANEIRO;RJ;09/2020;0;0;0;0;0;0;259;129;197;125;456;255;456;255;27;194;4;170;31;364;487;619
GLOBAL EXCHANGE DO BRASIL SOCIEDADE CORRETORA DE CÂMBIO LTDA.;21.040.668;n2;I;3;S4;RIO DE JANEIRO;RJ;09/2020;0;0;0;0;0;0;395;122;314;108;709;229;709;229;0;0;29;140;29;140;738;369
MELHOR - CORRETORA DE CÂMBIO LTDA.;13.839.639;n2;I;2;S4;CURITIBA;PR;09/2020;0;0;0;0;0;0;189;67;165;148;354;216;354;216;25;50;0;0;25;50;379;266
STATE STREET BRASIL S.A. – BANCO COMERCIAL;9.274.232;b1;I;3;S4;SAO PAULO;SP;09/2020;0;0;0;0;0;0;2;4;6;56;8;59;8;59;1;100;0;0;1;100;9;159
MEGA CORRETORA DE CÂMBIO LTDA.;15.077.393;n2;I;2;S4;RIO CLARO;SP;09/2020;0;0;0;0;0;0;98;48;91;86;189;134;189;134;6;21;0;0;6;21;195;156
CODEPE;52.089;n1;C;2;S4;RECIFE;PE;09/2020;0;0;0;0;0;0;9;45;17;17;26;62;26;62;8;9;2;36;10;44;36;107
BANCO PAULISTA S.A.;61.820.817;b1;I;2;S4;SAO PAULO;SP;09/2020;1;25;0;0;1;25;3;11;1;0;4;11;5;35;0;0;0;0;0;0;5;35
AVIPAM CORRETORA DE CAMBIO LTDA;3.443.143;n2;I;2;S4;RIO DE JANEIRO;RJ;09/2020;0;0;0;0;0;0;4;17;0;0;4;17;4;17;0;0;3;17;3;17;7;33
BANCO DE DESENVOLVIMENTO DE MINAS GERAIS S.A.-BDMG;38.486.817;b4;I;1;S3;BELO HORIZONTE;MG;09/2020;0;0;0;0;0;0;0;0;13;26;13;26;13;26;0;0;0;0;0;0;13;26
TURISCAM CORRETORA DE CÂMBIO LTDA.;16.789.470;n2;I;2;S4;MACEIO;AL;09/2020;0;0;0;0;0;0;1;6;1;7;2;12;2;12;5;8;1;6;6;14;8;26
BANCO DE LA PROVINCIA DE BUENOS AIRES;44.189.447;b1;I;3;S4;SAO PAULO;SP;09/2020;0;0;0;0;0;0;3;14;9;4;12;18;12;18;0;0;0;0;0;0;12;18
